title,content
qqqqqqqqq1,kkkkkkkkkkkkk1
qqqqqqqqq2,kkkkkkkkkkkkk2
qqqqqqqqq3,kkkkkkkkkkkkk3
qqqqqqqqq4,kkkkkkkkkkkkk4
qqqqqqqqq5,kkkkkkkkkkkkk5
qqqqqqqqq6,kkkkkkkkkkkkk6
qqqqqqqqq7,kkkkkkkkkkkkk7
qqqqqqqqq8,kkkkkkkkkkkkk8
qqqqqqqqq9,kkkkkkkkkkkkk9
qqqqqqqqq10,kkkkkkkkkkkkk10
qqqqqqqqq11,kkkkkkkkkkkkk11
qqqqqqqqq12,kkkkkkkkkkkkk12
qqqqqqqqq13,kkkkkkkkkkkkk13
qqqqqqqqq14,kkkkkkkkkkkkk14
qqqqqqqqq15,kkkkkkkkkkkkk15
qqqqqqqqq16,kkkkkkkkkkkkk16
qqqqqqqqq17,kkkkkkkkkkkkk17
qqqqqqqqq18,kkkkkkkkkkkkk18
qqqqqqqqq19,kkkkkkkkkkkkk19
qqqqqqqqq20,kkkkkkkkkkkkk20
